tahun,kode_bps,nama_kabupaten,komoditas,produksi_ton,luas_panen_ha,produktivitas_ton_ha,source
2022,3501,Kabupaten Pacitan,padi,63143.3,11480.6,5.59,SAMPLE_DATA
2022,3502,Kabupaten Ponorogo,padi,42371.9,7704.0,5.71,SAMPLE_DATA
2022,3503,Kabupaten Trenggalek,padi,17149.0,3118.0,5.36,SAMPLE_DATA
2022,3504,Kabupaten Tulungagung,padi,42398.8,7708.9,4.97,SAMPLE_DATA
2022,3505,Kabupaten Blitar,padi,82702.6,15036.8,5.08,SAMPLE_DATA
2022,3506,Kabupaten Kediri,padi,32667.7,5939.6,5.11,SAMPLE_DATA
2022,3507,Kabupaten Malang,padi,297210.6,54038.3,5.66,SAMPLE_DATA
2022,3508,Kabupaten Lumajang,padi,85663.4,15575.2,5.53,SAMPLE_DATA
2022,3509,Kabupaten Jember,padi,321014.4,58366.3,5.76,SAMPLE_DATA
2022,3510,Kabupaten Banyuwangi,padi,243322.5,44240.5,6.01,SAMPLE_DATA
2022,3511,Kabupaten Bondowoso,padi,31299.7,5690.9,5.5,SAMPLE_DATA
2022,3512,Kabupaten Situbondo,padi,156514.8,28457.2,5.16,SAMPLE_DATA
2022,3513,Kabupaten Probolinggo,padi,73578.0,13377.8,5.83,SAMPLE_DATA
2022,3514,Kabupaten Pasuruan,padi,44273.6,8049.7,5.55,SAMPLE_DATA
2022,3515,Kabupaten Sidoarjo,padi,25584.7,4651.8,5.06,SAMPLE_DATA
2022,3516,Kabupaten Mojokerto,padi,52342.9,9516.9,5.79,SAMPLE_DATA
2022,3517,Kabupaten Jombang,padi,50694.6,9217.2,5.54,SAMPLE_DATA
2022,3518,Kabupaten Nganjuk,padi,124207.2,22583.1,5.67,SAMPLE_DATA
2022,3519,Kabupaten Madiun,padi,16536.5,3006.6,5.74,SAMPLE_DATA
2022,3520,Kabupaten Magetan,padi,112602.1,20473.1,5.41,SAMPLE_DATA
2022,3521,Kabupaten Ngawi,padi,123240.6,22407.4,5.8,SAMPLE_DATA
2022,3522,Kabupaten Bojonegoro,padi,228027.6,41459.6,5.17,SAMPLE_DATA
2022,3523,Kabupaten Tuban,padi,128859.9,23429.1,5.58,SAMPLE_DATA
2022,3524,Kabupaten Lamongan,padi,324683.7,59033.4,5.32,SAMPLE_DATA
2022,3525,Kabupaten Gresik,padi,140305.7,25510.1,5.59,SAMPLE_DATA
2022,3526,Kabupaten Bangkalan,padi,68450.7,12445.6,5.73,SAMPLE_DATA
2022,3527,Kabupaten Sampang,padi,16564.9,3011.8,5.79,SAMPLE_DATA
2022,3528,Kabupaten Pamekasan,padi,87183.2,15851.5,5.6,SAMPLE_DATA
2022,3529,Kabupaten Sumenep,padi,69801.2,12691.1,5.7,SAMPLE_DATA
2022,3571,Kota Kediri,padi,360.0,65.5,5.36,SAMPLE_DATA
2022,3572,Kota Blitar,padi,4835.0,879.1,5.82,SAMPLE_DATA
2022,3573,Kota Malang,padi,4172.6,758.7,5.64,SAMPLE_DATA
2022,3574,Kota Probolinggo,padi,4952.6,900.5,5.55,SAMPLE_DATA
2022,3575,Kota Pasuruan,padi,4228.8,768.9,5.41,SAMPLE_DATA
2022,3576,Kota Mojokerto,padi,1255.8,228.3,5.42,SAMPLE_DATA
2022,3577,Kota Madiun,padi,4305.4,782.8,5.44,SAMPLE_DATA
2022,3578,Kota Surabaya,padi,2021.0,367.5,5.42,SAMPLE_DATA
2022,3579,Kota Batu,padi,1666.3,303.0,5.61,SAMPLE_DATA
2022,3501,Kabupaten Pacitan,jagung,50634.5,10126.9,5.35,SAMPLE_DATA
2022,3502,Kabupaten Ponorogo,jagung,82404.5,16480.9,4.99,SAMPLE_DATA
2022,3503,Kabupaten Trenggalek,jagung,33043.4,6608.7,4.89,SAMPLE_DATA
2022,3504,Kabupaten Tulungagung,jagung,197186.0,39437.2,5.08,SAMPLE_DATA
2022,3505,Kabupaten Blitar,jagung,168961.2,33792.2,5.0,SAMPLE_DATA
2022,3506,Kabupaten Kediri,jagung,31382.0,6276.4,5.19,SAMPLE_DATA
2022,3507,Kabupaten Malang,jagung,26520.2,5304.0,5.35,SAMPLE_DATA
2022,3508,Kabupaten Lumajang,jagung,68508.9,13701.8,5.55,SAMPLE_DATA
2022,3509,Kabupaten Jember,jagung,152751.4,30550.3,5.23,SAMPLE_DATA
2022,3510,Kabupaten Banyuwangi,jagung,23720.3,4744.1,4.87,SAMPLE_DATA
2022,3511,Kabupaten Bondowoso,jagung,69742.0,13948.4,4.91,SAMPLE_DATA
2022,3512,Kabupaten Situbondo,jagung,24971.3,4994.3,5.12,SAMPLE_DATA
2022,3513,Kabupaten Probolinggo,jagung,74470.3,14894.1,4.96,SAMPLE_DATA
2022,3514,Kabupaten Pasuruan,jagung,17741.0,3548.2,4.92,SAMPLE_DATA
2022,3515,Kabupaten Sidoarjo,jagung,90269.3,18053.9,5.14,SAMPLE_DATA
2022,3516,Kabupaten Mojokerto,jagung,69276.6,13855.3,5.33,SAMPLE_DATA
2022,3517,Kabupaten Jombang,jagung,54339.0,10867.8,4.95,SAMPLE_DATA
2022,3518,Kabupaten Nganjuk,jagung,92216.5,18443.3,5.2,SAMPLE_DATA
2022,3519,Kabupaten Madiun,jagung,41805.3,8361.1,4.78,SAMPLE_DATA
2022,3520,Kabupaten Magetan,jagung,92138.5,18427.7,5.09,SAMPLE_DATA
2022,3521,Kabupaten Ngawi,jagung,67552.1,13510.4,5.21,SAMPLE_DATA
2022,3522,Kabupaten Bojonegoro,jagung,154458.1,30891.6,4.82,SAMPLE_DATA
2022,3523,Kabupaten Tuban,jagung,6566.4,1313.3,4.7,SAMPLE_DATA
2022,3524,Kabupaten Lamongan,jagung,198299.8,39660.0,5.16,SAMPLE_DATA
2022,3525,Kabupaten Gresik,jagung,68561.3,13712.3,4.72,SAMPLE_DATA
2022,3526,Kabupaten Bangkalan,jagung,82040.6,16408.1,5.1,SAMPLE_DATA
2022,3527,Kabupaten Sampang,jagung,63108.4,12621.7,5.04,SAMPLE_DATA
2022,3528,Kabupaten Pamekasan,jagung,37678.6,7535.7,4.8,SAMPLE_DATA
2022,3529,Kabupaten Sumenep,jagung,104314.0,20862.8,4.94,SAMPLE_DATA
2022,3571,Kota Kediri,jagung,1263.6,252.7,5.36,SAMPLE_DATA
2022,3572,Kota Blitar,jagung,1024.0,204.8,4.99,SAMPLE_DATA
2022,3573,Kota Malang,jagung,1321.1,264.2,5.12,SAMPLE_DATA
2022,3574,Kota Probolinggo,jagung,1862.2,372.4,5.19,SAMPLE_DATA
2022,3575,Kota Pasuruan,jagung,1802.3,360.5,4.62,SAMPLE_DATA
2022,3576,Kota Mojokerto,jagung,1576.2,315.2,4.87,SAMPLE_DATA
2022,3577,Kota Madiun,jagung,1129.0,225.8,5.1,SAMPLE_DATA
2022,3578,Kota Surabaya,jagung,1161.2,232.2,4.8,SAMPLE_DATA
2022,3579,Kota Batu,jagung,1989.3,397.9,4.71,SAMPLE_DATA
2022,3501,Kabupaten Pacitan,cabai_merah,11302.7,1412.8,8.43,SAMPLE_DATA
2022,3502,Kabupaten Ponorogo,cabai_merah,7580.1,947.5,7.62,SAMPLE_DATA
2022,3503,Kabupaten Trenggalek,cabai_merah,10007.5,1250.9,8.1,SAMPLE_DATA
2022,3504,Kabupaten Tulungagung,cabai_merah,30152.1,3769.0,9.54,SAMPLE_DATA
2022,3505,Kabupaten Blitar,cabai_merah,30515.9,3814.5,8.4,SAMPLE_DATA
2022,3506,Kabupaten Kediri,cabai_merah,26854.7,3356.8,8.3,SAMPLE_DATA
2022,3507,Kabupaten Malang,cabai_merah,22804.1,2850.5,7.66,SAMPLE_DATA
2022,3508,Kabupaten Lumajang,cabai_merah,853.9,106.7,7.25,SAMPLE_DATA
2022,3509,Kabupaten Jember,cabai_merah,20727.5,2590.9,8.03,SAMPLE_DATA
2022,3510,Kabupaten Banyuwangi,cabai_merah,709.1,88.6,8.44,SAMPLE_DATA
2022,3511,Kabupaten Bondowoso,cabai_merah,2009.6,251.2,8.05,SAMPLE_DATA
2022,3512,Kabupaten Situbondo,cabai_merah,2660.0,332.5,8.09,SAMPLE_DATA
2022,3513,Kabupaten Probolinggo,cabai_merah,1077.6,134.7,8.74,SAMPLE_DATA
2022,3514,Kabupaten Pasuruan,cabai_merah,6501.1,812.6,8.07,SAMPLE_DATA
2022,3515,Kabupaten Sidoarjo,cabai_merah,9262.2,1157.8,7.33,SAMPLE_DATA
2022,3516,Kabupaten Mojokerto,cabai_merah,1267.1,158.4,8.35,SAMPLE_DATA
2022,3517,Kabupaten Jombang,cabai_merah,4948.8,618.6,7.87,SAMPLE_DATA
2022,3518,Kabupaten Nganjuk,cabai_merah,3683.7,460.5,8.16,SAMPLE_DATA
2022,3519,Kabupaten Madiun,cabai_merah,8266.5,1033.3,8.66,SAMPLE_DATA
2022,3520,Kabupaten Magetan,cabai_merah,6550.7,818.8,7.81,SAMPLE_DATA
2022,3521,Kabupaten Ngawi,cabai_merah,4380.1,547.5,8.75,SAMPLE_DATA
2022,3522,Kabupaten Bojonegoro,cabai_merah,1070.1,133.8,7.59,SAMPLE_DATA
2022,3523,Kabupaten Tuban,cabai_merah,1955.2,244.4,7.48,SAMPLE_DATA
2022,3524,Kabupaten Lamongan,cabai_merah,7241.2,905.1,8.05,SAMPLE_DATA
2022,3525,Kabupaten Gresik,cabai_merah,4704.9,588.1,8.94,SAMPLE_DATA
2022,3526,Kabupaten Bangkalan,cabai_merah,9510.5,1188.8,8.18,SAMPLE_DATA
2022,3527,Kabupaten Sampang,cabai_merah,1107.4,138.4,8.02,SAMPLE_DATA
2022,3528,Kabupaten Pamekasan,cabai_merah,7218.5,902.3,8.26,SAMPLE_DATA
2022,3529,Kabupaten Sumenep,cabai_merah,4603.3,575.4,8.84,SAMPLE_DATA
2022,3571,Kota Kediri,cabai_merah,53.9,6.7,8.24,SAMPLE_DATA
2022,3572,Kota Blitar,cabai_merah,92.4,11.6,8.08,SAMPLE_DATA
2022,3573,Kota Malang,cabai_merah,30.4,3.8,8.34,SAMPLE_DATA
2022,3574,Kota Probolinggo,cabai_merah,12.7,1.6,8.58,SAMPLE_DATA
2022,3575,Kota Pasuruan,cabai_merah,93.5,11.7,8.25,SAMPLE_DATA
2022,3576,Kota Mojokerto,cabai_merah,29.4,3.7,7.72,SAMPLE_DATA
2022,3577,Kota Madiun,cabai_merah,80.5,10.1,8.05,SAMPLE_DATA
2022,3578,Kota Surabaya,cabai_merah,35.2,4.4,8.46,SAMPLE_DATA
2022,3579,Kota Batu,cabai_merah,91.5,11.4,8.44,SAMPLE_DATA
2022,3501,Kabupaten Pacitan,cabai_rawit,4394.4,732.4,6.08,SAMPLE_DATA
2022,3502,Kabupaten Ponorogo,cabai_rawit,5997.0,999.5,6.01,SAMPLE_DATA
2022,3503,Kabupaten Trenggalek,cabai_rawit,1983.6,330.6,6.26,SAMPLE_DATA
2022,3504,Kabupaten Tulungagung,cabai_rawit,9300.1,1550.0,5.96,SAMPLE_DATA
2022,3505,Kabupaten Blitar,cabai_rawit,16953.1,2825.5,6.32,SAMPLE_DATA
2022,3506,Kabupaten Kediri,cabai_rawit,10749.8,1791.6,5.64,SAMPLE_DATA
2022,3507,Kabupaten Malang,cabai_rawit,4336.0,722.7,6.2,SAMPLE_DATA
2022,3508,Kabupaten Lumajang,cabai_rawit,4764.6,794.1,5.73,SAMPLE_DATA
2022,3509,Kabupaten Jember,cabai_rawit,7782.8,1297.1,6.53,SAMPLE_DATA
2022,3510,Kabupaten Banyuwangi,cabai_rawit,13380.1,2230.0,5.9,SAMPLE_DATA
2022,3511,Kabupaten Bondowoso,cabai_rawit,1034.9,172.5,6.41,SAMPLE_DATA
2022,3512,Kabupaten Situbondo,cabai_rawit,756.1,126.0,5.85,SAMPLE_DATA
2022,3513,Kabupaten Probolinggo,cabai_rawit,601.4,100.2,6.26,SAMPLE_DATA
2022,3514,Kabupaten Pasuruan,cabai_rawit,553.4,92.2,5.58,SAMPLE_DATA
2022,3515,Kabupaten Sidoarjo,cabai_rawit,4644.2,774.0,6.41,SAMPLE_DATA
2022,3516,Kabupaten Mojokerto,cabai_rawit,654.4,109.1,6.44,SAMPLE_DATA
2022,3517,Kabupaten Jombang,cabai_rawit,2568.0,428.0,6.0,SAMPLE_DATA
2022,3518,Kabupaten Nganjuk,cabai_rawit,2966.3,494.4,5.75,SAMPLE_DATA
2022,3519,Kabupaten Madiun,cabai_rawit,4692.3,782.1,6.03,SAMPLE_DATA
2022,3520,Kabupaten Magetan,cabai_rawit,2472.4,412.1,5.88,SAMPLE_DATA
2022,3521,Kabupaten Ngawi,cabai_rawit,1466.2,244.4,6.3,SAMPLE_DATA
2022,3522,Kabupaten Bojonegoro,cabai_rawit,6005.4,1000.9,5.77,SAMPLE_DATA
2022,3523,Kabupaten Tuban,cabai_rawit,6880.1,1146.7,6.12,SAMPLE_DATA
2022,3524,Kabupaten Lamongan,cabai_rawit,4947.1,824.5,5.77,SAMPLE_DATA
2022,3525,Kabupaten Gresik,cabai_rawit,3536.6,589.4,6.29,SAMPLE_DATA
2022,3526,Kabupaten Bangkalan,cabai_rawit,3524.0,587.3,5.82,SAMPLE_DATA
2022,3527,Kabupaten Sampang,cabai_rawit,3099.1,516.5,5.46,SAMPLE_DATA
2022,3528,Kabupaten Pamekasan,cabai_rawit,621.3,103.5,6.56,SAMPLE_DATA
2022,3529,Kabupaten Sumenep,cabai_rawit,2050.4,341.7,6.29,SAMPLE_DATA
2022,3571,Kota Kediri,cabai_rawit,7.3,1.2,6.55,SAMPLE_DATA
2022,3572,Kota Blitar,cabai_rawit,46.4,7.7,5.92,SAMPLE_DATA
2022,3573,Kota Malang,cabai_rawit,35.0,5.8,6.41,SAMPLE_DATA
2022,3574,Kota Probolinggo,cabai_rawit,49.6,8.3,6.08,SAMPLE_DATA
2022,3575,Kota Pasuruan,cabai_rawit,20.4,3.4,5.82,SAMPLE_DATA
2022,3576,Kota Mojokerto,cabai_rawit,2.9,0.5,6.09,SAMPLE_DATA
2022,3577,Kota Madiun,cabai_rawit,50.0,8.3,6.01,SAMPLE_DATA
2022,3578,Kota Surabaya,cabai_rawit,37.5,6.2,5.52,SAMPLE_DATA
2022,3579,Kota Batu,cabai_rawit,6.5,1.1,6.15,SAMPLE_DATA
2022,3501,Kabupaten Pacitan,bawang_merah,5086.3,508.6,10.77,SAMPLE_DATA
2022,3502,Kabupaten Ponorogo,bawang_merah,7452.5,745.2,9.63,SAMPLE_DATA
2022,3503,Kabupaten Trenggalek,bawang_merah,10574.4,1057.4,10.78,SAMPLE_DATA
2022,3504,Kabupaten Tulungagung,bawang_merah,19879.3,1987.9,10.88,SAMPLE_DATA
2022,3505,Kabupaten Blitar,bawang_merah,43652.9,4365.3,9.87,SAMPLE_DATA
2022,3506,Kabupaten Kediri,bawang_merah,758.6,75.9,10.68,SAMPLE_DATA
2022,3507,Kabupaten Malang,bawang_merah,42552.3,4255.2,9.83,SAMPLE_DATA
2022,3508,Kabupaten Lumajang,bawang_merah,475.9,47.6,9.12,SAMPLE_DATA
2022,3509,Kabupaten Jember,bawang_merah,40527.5,4052.8,9.93,SAMPLE_DATA
2022,3510,Kabupaten Banyuwangi,bawang_merah,7911.7,791.2,10.04,SAMPLE_DATA
2022,3511,Kabupaten Bondowoso,bawang_merah,8651.2,865.1,10.17,SAMPLE_DATA
2022,3512,Kabupaten Situbondo,bawang_merah,16409.1,1640.9,9.97,SAMPLE_DATA
2022,3513,Kabupaten Probolinggo,bawang_merah,39163.3,3916.3,10.2,SAMPLE_DATA
2022,3514,Kabupaten Pasuruan,bawang_merah,5979.1,597.9,10.33,SAMPLE_DATA
2022,3515,Kabupaten Sidoarjo,bawang_merah,1510.0,151.0,10.24,SAMPLE_DATA
2022,3516,Kabupaten Mojokerto,bawang_merah,6976.3,697.6,10.48,SAMPLE_DATA
2022,3517,Kabupaten Jombang,bawang_merah,12922.1,1292.2,9.76,SAMPLE_DATA
2022,3518,Kabupaten Nganjuk,bawang_merah,29510.1,2951.0,9.6,SAMPLE_DATA
2022,3519,Kabupaten Madiun,bawang_merah,3243.3,324.3,9.9,SAMPLE_DATA
2022,3520,Kabupaten Magetan,bawang_merah,8540.8,854.1,10.02,SAMPLE_DATA
2022,3521,Kabupaten Ngawi,bawang_merah,968.6,96.9,10.6,SAMPLE_DATA
2022,3522,Kabupaten Bojonegoro,bawang_merah,1757.0,175.7,9.89,SAMPLE_DATA
2022,3523,Kabupaten Tuban,bawang_merah,15201.5,1520.2,10.29,SAMPLE_DATA
2022,3524,Kabupaten Lamongan,bawang_merah,4210.8,421.1,8.85,SAMPLE_DATA
2022,3525,Kabupaten Gresik,bawang_merah,11799.7,1180.0,8.9,SAMPLE_DATA
2022,3526,Kabupaten Bangkalan,bawang_merah,15678.6,1567.9,10.16,SAMPLE_DATA
2022,3527,Kabupaten Sampang,bawang_merah,9505.1,950.5,10.04,SAMPLE_DATA
2022,3528,Kabupaten Pamekasan,bawang_merah,7870.5,787.0,10.1,SAMPLE_DATA
2022,3529,Kabupaten Sumenep,bawang_merah,5412.3,541.2,9.98,SAMPLE_DATA
2022,3571,Kota Kediri,bawang_merah,15.3,1.5,9.46,SAMPLE_DATA
2022,3572,Kota Blitar,bawang_merah,6.1,0.6,10.46,SAMPLE_DATA
2022,3573,Kota Malang,bawang_merah,33.9,3.4,10.74,SAMPLE_DATA
2022,3574,Kota Probolinggo,bawang_merah,5.2,0.5,10.51,SAMPLE_DATA
2022,3575,Kota Pasuruan,bawang_merah,34.2,3.4,9.9,SAMPLE_DATA
2022,3576,Kota Mojokerto,bawang_merah,15.8,1.6,9.35,SAMPLE_DATA
2022,3577,Kota Madiun,bawang_merah,25.3,2.5,10.28,SAMPLE_DATA
2022,3578,Kota Surabaya,bawang_merah,4.9,0.5,9.69,SAMPLE_DATA
2022,3579,Kota Batu,bawang_merah,7.7,0.8,9.57,SAMPLE_DATA
2022,3501,Kabupaten Pacitan,bawang_putih,297.2,42.5,7.24,SAMPLE_DATA
2022,3502,Kabupaten Ponorogo,bawang_putih,1927.7,275.4,6.68,SAMPLE_DATA
2022,3503,Kabupaten Trenggalek,bawang_putih,1976.7,282.4,7.1,SAMPLE_DATA
2022,3504,Kabupaten Tulungagung,bawang_putih,3656.7,522.4,6.66,SAMPLE_DATA
2022,3505,Kabupaten Blitar,bawang_putih,2165.1,309.3,7.57,SAMPLE_DATA
2022,3506,Kabupaten Kediri,bawang_putih,550.7,78.7,7.2,SAMPLE_DATA
2022,3507,Kabupaten Malang,bawang_putih,3729.0,532.7,6.04,SAMPLE_DATA
2022,3508,Kabupaten Lumajang,bawang_putih,518.1,74.0,6.68,SAMPLE_DATA
2022,3509,Kabupaten Jember,bawang_putih,544.1,77.7,7.09,SAMPLE_DATA
2022,3510,Kabupaten Banyuwangi,bawang_putih,926.9,132.4,7.02,SAMPLE_DATA
2022,3511,Kabupaten Bondowoso,bawang_putih,659.7,94.2,7.27,SAMPLE_DATA
2022,3512,Kabupaten Situbondo,bawang_putih,1430.7,204.4,7.5,SAMPLE_DATA
2022,3513,Kabupaten Probolinggo,bawang_putih,823.2,117.6,6.64,SAMPLE_DATA
2022,3514,Kabupaten Pasuruan,bawang_putih,1916.4,273.8,6.79,SAMPLE_DATA
2022,3515,Kabupaten Sidoarjo,bawang_putih,1951.9,278.8,7.55,SAMPLE_DATA
2022,3516,Kabupaten Mojokerto,bawang_putih,1734.0,247.7,6.86,SAMPLE_DATA
2022,3517,Kabupaten Jombang,bawang_putih,416.3,59.5,6.89,SAMPLE_DATA
2022,3518,Kabupaten Nganjuk,bawang_putih,1672.6,238.9,7.73,SAMPLE_DATA
2022,3519,Kabupaten Madiun,bawang_putih,721.0,103.0,7.33,SAMPLE_DATA
2022,3520,Kabupaten Magetan,bawang_putih,1371.5,195.9,6.65,SAMPLE_DATA
2022,3521,Kabupaten Ngawi,bawang_putih,1020.7,145.8,6.7,SAMPLE_DATA
2022,3522,Kabupaten Bojonegoro,bawang_putih,1047.0,149.6,6.92,SAMPLE_DATA
2022,3523,Kabupaten Tuban,bawang_putih,842.4,120.3,7.03,SAMPLE_DATA
2022,3524,Kabupaten Lamongan,bawang_putih,1110.7,158.7,7.4,SAMPLE_DATA
2022,3525,Kabupaten Gresik,bawang_putih,316.8,45.3,7.44,SAMPLE_DATA
2022,3526,Kabupaten Bangkalan,bawang_putih,1096.6,156.7,7.09,SAMPLE_DATA
2022,3527,Kabupaten Sampang,bawang_putih,300.1,42.9,6.71,SAMPLE_DATA
2022,3528,Kabupaten Pamekasan,bawang_putih,1504.1,214.9,6.83,SAMPLE_DATA
2022,3529,Kabupaten Sumenep,bawang_putih,1489.4,212.8,7.29,SAMPLE_DATA
2022,3571,Kota Kediri,bawang_putih,8.0,1.1,6.66,SAMPLE_DATA
2022,3572,Kota Blitar,bawang_putih,7.7,1.1,6.81,SAMPLE_DATA
2022,3573,Kota Malang,bawang_putih,7.7,1.1,7.47,SAMPLE_DATA
2022,3574,Kota Probolinggo,bawang_putih,6.0,0.9,7.1,SAMPLE_DATA
2022,3575,Kota Pasuruan,bawang_putih,3.0,0.4,7.52,SAMPLE_DATA
2022,3576,Kota Mojokerto,bawang_putih,4.7,0.7,7.93,SAMPLE_DATA
2022,3577,Kota Madiun,bawang_putih,6.2,0.9,7.25,SAMPLE_DATA
2022,3578,Kota Surabaya,bawang_putih,7.1,1.0,7.15,SAMPLE_DATA
2022,3579,Kota Batu,bawang_putih,3802.7,543.2,7.47,SAMPLE_DATA
2023,3501,Kabupaten Pacitan,padi,77624.3,14113.5,5.53,SAMPLE_DATA
2023,3502,Kabupaten Ponorogo,padi,137394.9,24980.9,5.47,SAMPLE_DATA
2023,3503,Kabupaten Trenggalek,padi,189850.8,34518.3,5.64,SAMPLE_DATA
2023,3504,Kabupaten Tulungagung,padi,71934.5,13079.0,5.38,SAMPLE_DATA
2023,3505,Kabupaten Blitar,padi,140373.5,25522.5,4.86,SAMPLE_DATA
2023,3506,Kabupaten Kediri,padi,133066.8,24194.0,5.14,SAMPLE_DATA
2023,3507,Kabupaten Malang,padi,314961.0,57265.6,5.43,SAMPLE_DATA
2023,3508,Kabupaten Lumajang,padi,79019.1,14367.1,5.43,SAMPLE_DATA
2023,3509,Kabupaten Jember,padi,340315.7,61875.6,5.46,SAMPLE_DATA
2023,3510,Kabupaten Banyuwangi,padi,342059.6,62192.7,5.81,SAMPLE_DATA
2023,3511,Kabupaten Bondowoso,padi,15523.6,2822.5,5.64,SAMPLE_DATA
2023,3512,Kabupaten Situbondo,padi,151034.8,27460.9,5.2,SAMPLE_DATA
2023,3513,Kabupaten Probolinggo,padi,27377.2,4977.7,5.54,SAMPLE_DATA
2023,3514,Kabupaten Pasuruan,padi,101443.7,18444.3,5.49,SAMPLE_DATA
2023,3515,Kabupaten Sidoarjo,padi,45018.9,8185.3,5.54,SAMPLE_DATA
2023,3516,Kabupaten Mojokerto,padi,42538.0,7734.2,5.35,SAMPLE_DATA
2023,3517,Kabupaten Jombang,padi,107666.5,19575.7,4.77,SAMPLE_DATA
2023,3518,Kabupaten Nganjuk,padi,86776.9,15777.6,4.93,SAMPLE_DATA
2023,3519,Kabupaten Madiun,padi,38379.6,6978.1,5.43,SAMPLE_DATA
2023,3520,Kabupaten Magetan,padi,135050.4,24554.6,5.29,SAMPLE_DATA
2023,3521,Kabupaten Ngawi,padi,105242.2,19134.9,5.48,SAMPLE_DATA
2023,3522,Kabupaten Bojonegoro,padi,284819.6,51785.4,5.85,SAMPLE_DATA
2023,3523,Kabupaten Tuban,padi,17862.1,3247.7,5.3,SAMPLE_DATA
2023,3524,Kabupaten Lamongan,padi,332921.1,60531.1,5.63,SAMPLE_DATA
2023,3525,Kabupaten Gresik,padi,106572.1,19376.7,5.44,SAMPLE_DATA
2023,3526,Kabupaten Bangkalan,padi,53118.6,9657.9,5.62,SAMPLE_DATA
2023,3527,Kabupaten Sampang,padi,153213.3,27857.0,5.22,SAMPLE_DATA
2023,3528,Kabupaten Pamekasan,padi,46844.7,8517.2,5.41,SAMPLE_DATA
2023,3529,Kabupaten Sumenep,padi,14629.7,2659.9,5.99,SAMPLE_DATA
2023,3571,Kota Kediri,padi,4276.7,777.6,5.79,SAMPLE_DATA
2023,3572,Kota Blitar,padi,1433.7,260.7,5.02,SAMPLE_DATA
2023,3573,Kota Malang,padi,1203.0,218.7,5.98,SAMPLE_DATA
2023,3574,Kota Probolinggo,padi,2373.0,431.5,5.35,SAMPLE_DATA
2023,3575,Kota Pasuruan,padi,4535.5,824.6,5.61,SAMPLE_DATA
2023,3576,Kota Mojokerto,padi,4679.9,850.9,5.49,SAMPLE_DATA
2023,3577,Kota Madiun,padi,3882.9,706.0,5.48,SAMPLE_DATA
2023,3578,Kota Surabaya,padi,1575.0,286.4,5.68,SAMPLE_DATA
2023,3579,Kota Batu,padi,1307.1,237.7,5.45,SAMPLE_DATA
2023,3501,Kabupaten Pacitan,jagung,88377.4,17675.5,5.03,SAMPLE_DATA
2023,3502,Kabupaten Ponorogo,jagung,32091.9,6418.4,4.76,SAMPLE_DATA
2023,3503,Kabupaten Trenggalek,jagung,36857.1,7371.4,5.18,SAMPLE_DATA
2023,3504,Kabupaten Tulungagung,jagung,237746.0,47549.2,5.25,SAMPLE_DATA
2023,3505,Kabupaten Blitar,jagung,193184.4,38636.9,5.13,SAMPLE_DATA
2023,3506,Kabupaten Kediri,jagung,78412.6,15682.5,4.68,SAMPLE_DATA
2023,3507,Kabupaten Malang,jagung,53253.2,10650.6,5.05,SAMPLE_DATA
2023,3508,Kabupaten Lumajang,jagung,59629.1,11925.8,4.65,SAMPLE_DATA
2023,3509,Kabupaten Jember,jagung,198062.9,39612.6,4.78,SAMPLE_DATA
2023,3510,Kabupaten Banyuwangi,jagung,31352.4,6270.5,5.66,SAMPLE_DATA
2023,3511,Kabupaten Bondowoso,jagung,68906.6,13781.3,5.04,SAMPLE_DATA
2023,3512,Kabupaten Situbondo,jagung,24997.7,4999.5,5.03,SAMPLE_DATA
2023,3513,Kabupaten Probolinggo,jagung,45540.9,9108.2,5.25,SAMPLE_DATA
2023,3514,Kabupaten Pasuruan,jagung,78246.1,15649.2,5.44,SAMPLE_DATA
2023,3515,Kabupaten Sidoarjo,jagung,61896.8,12379.4,4.9,SAMPLE_DATA
2023,3516,Kabupaten Mojokerto,jagung,87194.6,17438.9,5.24,SAMPLE_DATA
2023,3517,Kabupaten Jombang,jagung,27127.7,5425.5,5.29,SAMPLE_DATA
2023,3518,Kabupaten Nganjuk,jagung,14521.7,2904.3,5.16,SAMPLE_DATA
2023,3519,Kabupaten Madiun,jagung,25395.6,5079.1,5.03,SAMPLE_DATA
2023,3520,Kabupaten Magetan,jagung,78180.2,15636.0,5.27,SAMPLE_DATA
2023,3521,Kabupaten Ngawi,jagung,68494.0,13698.8,5.16,SAMPLE_DATA
2023,3522,Kabupaten Bojonegoro,jagung,205780.0,41156.0,5.05,SAMPLE_DATA
2023,3523,Kabupaten Tuban,jagung,24478.4,4895.7,5.03,SAMPLE_DATA
2023,3524,Kabupaten Lamongan,jagung,140128.3,28025.7,5.26,SAMPLE_DATA
2023,3525,Kabupaten Gresik,jagung,101283.9,20256.8,4.98,SAMPLE_DATA
2023,3526,Kabupaten Bangkalan,jagung,91797.1,18359.4,4.87,SAMPLE_DATA
2023,3527,Kabupaten Sampang,jagung,8413.2,1682.6,5.13,SAMPLE_DATA
2023,3528,Kabupaten Pamekasan,jagung,17641.3,3528.3,4.88,SAMPLE_DATA
2023,3529,Kabupaten Sumenep,jagung,37155.8,7431.2,5.03,SAMPLE_DATA
2023,3571,Kota Kediri,jagung,703.6,140.7,5.05,SAMPLE_DATA
2023,3572,Kota Blitar,jagung,681.8,136.4,5.07,SAMPLE_DATA
2023,3573,Kota Malang,jagung,1239.8,248.0,5.27,SAMPLE_DATA
2023,3574,Kota Probolinggo,jagung,2061.9,412.4,4.83,SAMPLE_DATA
2023,3575,Kota Pasuruan,jagung,951.7,190.3,4.91,SAMPLE_DATA
2023,3576,Kota Mojokerto,jagung,1512.3,302.5,4.56,SAMPLE_DATA
2023,3577,Kota Madiun,jagung,1425.6,285.1,4.93,SAMPLE_DATA
2023,3578,Kota Surabaya,jagung,652.2,130.4,4.74,SAMPLE_DATA
2023,3579,Kota Batu,jagung,465.9,93.2,5.06,SAMPLE_DATA
2023,3501,Kabupaten Pacitan,cabai_merah,4385.8,548.2,8.27,SAMPLE_DATA
2023,3502,Kabupaten Ponorogo,cabai_merah,12313.4,1539.2,7.91,SAMPLE_DATA
2023,3503,Kabupaten Trenggalek,cabai_merah,13451.2,1681.4,7.73,SAMPLE_DATA
2023,3504,Kabupaten Tulungagung,cabai_merah,20270.8,2533.8,8.2,SAMPLE_DATA
2023,3505,Kabupaten Blitar,cabai_merah,22116.1,2764.5,8.03,SAMPLE_DATA
2023,3506,Kabupaten Kediri,cabai_merah,19115.4,2389.4,7.78,SAMPLE_DATA
2023,3507,Kabupaten Malang,cabai_merah,26269.6,3283.7,7.93,SAMPLE_DATA
2023,3508,Kabupaten Lumajang,cabai_merah,12961.1,1620.1,7.77,SAMPLE_DATA
2023,3509,Kabupaten Jember,cabai_merah,27076.7,3384.6,7.85,SAMPLE_DATA
2023,3510,Kabupaten Banyuwangi,cabai_merah,2973.5,371.7,7.39,SAMPLE_DATA
2023,3511,Kabupaten Bondowoso,cabai_merah,6751.0,843.9,8.07,SAMPLE_DATA
2023,3512,Kabupaten Situbondo,cabai_merah,10048.3,1256.0,7.84,SAMPLE_DATA
2023,3513,Kabupaten Probolinggo,cabai_merah,11163.5,1395.4,8.43,SAMPLE_DATA
2023,3514,Kabupaten Pasuruan,cabai_merah,6649.6,831.2,7.68,SAMPLE_DATA
2023,3515,Kabupaten Sidoarjo,cabai_merah,4990.1,623.8,7.62,SAMPLE_DATA
2023,3516,Kabupaten Mojokerto,cabai_merah,5849.1,731.1,8.09,SAMPLE_DATA
2023,3517,Kabupaten Jombang,cabai_merah,7402.3,925.3,7.65,SAMPLE_DATA
2023,3518,Kabupaten Nganjuk,cabai_merah,6948.0,868.5,8.42,SAMPLE_DATA
2023,3519,Kabupaten Madiun,cabai_merah,7153.0,894.1,8.19,SAMPLE_DATA
2023,3520,Kabupaten Magetan,cabai_merah,11079.9,1385.0,8.44,SAMPLE_DATA
2023,3521,Kabupaten Ngawi,cabai_merah,10584.5,1323.1,8.29,SAMPLE_DATA
2023,3522,Kabupaten Bojonegoro,cabai_merah,10954.3,1369.3,8.47,SAMPLE_DATA
2023,3523,Kabupaten Tuban,cabai_merah,7146.3,893.3,8.19,SAMPLE_DATA
2023,3524,Kabupaten Lamongan,cabai_merah,10464.4,1308.0,8.06,SAMPLE_DATA
2023,3525,Kabupaten Gresik,cabai_merah,3988.1,498.5,8.2,SAMPLE_DATA
2023,3526,Kabupaten Bangkalan,cabai_merah,9892.9,1236.6,8.51,SAMPLE_DATA
2023,3527,Kabupaten Sampang,cabai_merah,399.2,49.9,7.4,SAMPLE_DATA
2023,3528,Kabupaten Pamekasan,cabai_merah,10498.4,1312.3,8.3,SAMPLE_DATA
2023,3529,Kabupaten Sumenep,cabai_merah,8641.0,1080.1,8.09,SAMPLE_DATA
2023,3571,Kota Kediri,cabai_merah,10.9,1.4,8.63,SAMPLE_DATA
2023,3572,Kota Blitar,cabai_merah,105.6,13.2,7.42,SAMPLE_DATA
2023,3573,Kota Malang,cabai_merah,89.9,11.2,8.08,SAMPLE_DATA
2023,3574,Kota Probolinggo,cabai_merah,29.2,3.6,8.07,SAMPLE_DATA
2023,3575,Kota Pasuruan,cabai_merah,63.8,8.0,7.39,SAMPLE_DATA
2023,3576,Kota Mojokerto,cabai_merah,4.7,0.6,7.79,SAMPLE_DATA
2023,3577,Kota Madiun,cabai_merah,2.8,0.3,7.97,SAMPLE_DATA
2023,3578,Kota Surabaya,cabai_merah,59.0,7.4,7.84,SAMPLE_DATA
2023,3579,Kota Batu,cabai_merah,88.2,11.0,7.12,SAMPLE_DATA
2023,3501,Kabupaten Pacitan,cabai_rawit,1164.7,194.1,6.3,SAMPLE_DATA
2023,3502,Kabupaten Ponorogo,cabai_rawit,1469.6,244.9,5.83,SAMPLE_DATA
2023,3503,Kabupaten Trenggalek,cabai_rawit,3908.1,651.4,5.66,SAMPLE_DATA
2023,3504,Kabupaten Tulungagung,cabai_rawit,16827.7,2804.6,5.68,SAMPLE_DATA
2023,3505,Kabupaten Blitar,cabai_rawit,12203.4,2033.9,5.94,SAMPLE_DATA
2023,3506,Kabupaten Kediri,cabai_rawit,9340.5,1556.8,6.43,SAMPLE_DATA
2023,3507,Kabupaten Malang,cabai_rawit,5417.0,902.8,5.99,SAMPLE_DATA
2023,3508,Kabupaten Lumajang,cabai_rawit,1269.2,211.5,6.14,SAMPLE_DATA
2023,3509,Kabupaten Jember,cabai_rawit,14126.9,2354.5,6.18,SAMPLE_DATA
2023,3510,Kabupaten Banyuwangi,cabai_rawit,12957.9,2159.7,6.21,SAMPLE_DATA
2023,3511,Kabupaten Bondowoso,cabai_rawit,4413.1,735.5,5.99,SAMPLE_DATA
2023,3512,Kabupaten Situbondo,cabai_rawit,834.6,139.1,6.54,SAMPLE_DATA
2023,3513,Kabupaten Probolinggo,cabai_rawit,1244.7,207.5,6.0,SAMPLE_DATA
2023,3514,Kabupaten Pasuruan,cabai_rawit,3793.6,632.3,5.8,SAMPLE_DATA
2023,3515,Kabupaten Sidoarjo,cabai_rawit,1922.1,320.3,5.99,SAMPLE_DATA
2023,3516,Kabupaten Mojokerto,cabai_rawit,553.1,92.2,5.27,SAMPLE_DATA
2023,3517,Kabupaten Jombang,cabai_rawit,3959.8,660.0,5.67,SAMPLE_DATA
2023,3518,Kabupaten Nganjuk,cabai_rawit,4780.9,796.8,5.99,SAMPLE_DATA
2023,3519,Kabupaten Madiun,cabai_rawit,1866.9,311.2,5.99,SAMPLE_DATA
2023,3520,Kabupaten Magetan,cabai_rawit,4184.1,697.4,6.01,SAMPLE_DATA
2023,3521,Kabupaten Ngawi,cabai_rawit,1915.4,319.2,6.01,SAMPLE_DATA
2023,3522,Kabupaten Bojonegoro,cabai_rawit,2024.8,337.5,5.92,SAMPLE_DATA
2023,3523,Kabupaten Tuban,cabai_rawit,3744.6,624.1,6.19,SAMPLE_DATA
2023,3524,Kabupaten Lamongan,cabai_rawit,1468.7,244.8,6.28,SAMPLE_DATA
2023,3525,Kabupaten Gresik,cabai_rawit,383.3,63.9,6.11,SAMPLE_DATA
2023,3526,Kabupaten Bangkalan,cabai_rawit,5620.8,936.8,6.19,SAMPLE_DATA
2023,3527,Kabupaten Sampang,cabai_rawit,2155.4,359.2,6.29,SAMPLE_DATA
2023,3528,Kabupaten Pamekasan,cabai_rawit,5749.9,958.3,5.79,SAMPLE_DATA
2023,3529,Kabupaten Sumenep,cabai_rawit,3134.0,522.3,6.06,SAMPLE_DATA
2023,3571,Kota Kediri,cabai_rawit,2.9,0.5,5.85,SAMPLE_DATA
2023,3572,Kota Blitar,cabai_rawit,40.0,6.7,5.84,SAMPLE_DATA
2023,3573,Kota Malang,cabai_rawit,39.4,6.6,6.64,SAMPLE_DATA
2023,3574,Kota Probolinggo,cabai_rawit,25.7,4.3,6.23,SAMPLE_DATA
2023,3575,Kota Pasuruan,cabai_rawit,50.0,8.3,6.04,SAMPLE_DATA
2023,3576,Kota Mojokerto,cabai_rawit,9.6,1.6,6.06,SAMPLE_DATA
2023,3577,Kota Madiun,cabai_rawit,1.5,0.2,5.5,SAMPLE_DATA
2023,3578,Kota Surabaya,cabai_rawit,46.7,7.8,6.26,SAMPLE_DATA
2023,3579,Kota Batu,cabai_rawit,19.2,3.2,5.56,SAMPLE_DATA
2023,3501,Kabupaten Pacitan,bawang_merah,17286.6,1728.7,11.0,SAMPLE_DATA
2023,3502,Kabupaten Ponorogo,bawang_merah,15801.6,1580.2,9.98,SAMPLE_DATA
2023,3503,Kabupaten Trenggalek,bawang_merah,15673.7,1567.4,9.71,SAMPLE_DATA
2023,3504,Kabupaten Tulungagung,bawang_merah,13314.8,1331.5,10.69,SAMPLE_DATA
2023,3505,Kabupaten Blitar,bawang_merah,46097.3,4609.7,9.66,SAMPLE_DATA
2023,3506,Kabupaten Kediri,bawang_merah,17393.3,1739.3,9.66,SAMPLE_DATA
2023,3507,Kabupaten Malang,bawang_merah,50708.3,5070.8,9.85,SAMPLE_DATA
2023,3508,Kabupaten Lumajang,bawang_merah,10353.2,1035.3,9.81,SAMPLE_DATA
2023,3509,Kabupaten Jember,bawang_merah,31951.5,3195.2,10.12,SAMPLE_DATA
2023,3510,Kabupaten Banyuwangi,bawang_merah,11574.4,1157.4,9.44,SAMPLE_DATA
2023,3511,Kabupaten Bondowoso,bawang_merah,20645.3,2064.5,9.38,SAMPLE_DATA
2023,3512,Kabupaten Situbondo,bawang_merah,6357.9,635.8,10.17,SAMPLE_DATA
2023,3513,Kabupaten Probolinggo,bawang_merah,43248.0,4324.8,9.86,SAMPLE_DATA
2023,3514,Kabupaten Pasuruan,bawang_merah,1618.8,161.9,9.36,SAMPLE_DATA
2023,3515,Kabupaten Sidoarjo,bawang_merah,6697.7,669.8,10.62,SAMPLE_DATA
2023,3516,Kabupaten Mojokerto,bawang_merah,5697.7,569.8,10.43,SAMPLE_DATA
2023,3517,Kabupaten Jombang,bawang_merah,3700.6,370.1,10.61,SAMPLE_DATA
2023,3518,Kabupaten Nganjuk,bawang_merah,40699.3,4069.9,10.22,SAMPLE_DATA
2023,3519,Kabupaten Madiun,bawang_merah,11483.7,1148.4,10.19,SAMPLE_DATA
2023,3520,Kabupaten Magetan,bawang_merah,2358.0,235.8,9.98,SAMPLE_DATA
2023,3521,Kabupaten Ngawi,bawang_merah,10581.7,1058.2,9.48,SAMPLE_DATA
2023,3522,Kabupaten Bojonegoro,bawang_merah,18805.0,1880.5,9.0,SAMPLE_DATA
2023,3523,Kabupaten Tuban,bawang_merah,986.1,98.6,10.23,SAMPLE_DATA
2023,3524,Kabupaten Lamongan,bawang_merah,18765.7,1876.6,8.55,SAMPLE_DATA
2023,3525,Kabupaten Gresik,bawang_merah,9166.9,916.7,10.2,SAMPLE_DATA
2023,3526,Kabupaten Bangkalan,bawang_merah,811.0,81.1,9.48,SAMPLE_DATA
2023,3527,Kabupaten Sampang,bawang_merah,4248.8,424.9,9.67,SAMPLE_DATA
2023,3528,Kabupaten Pamekasan,bawang_merah,8821.8,882.2,10.11,SAMPLE_DATA
2023,3529,Kabupaten Sumenep,bawang_merah,13864.3,1386.4,11.0,SAMPLE_DATA
2023,3571,Kota Kediri,bawang_merah,31.4,3.1,10.53,SAMPLE_DATA
2023,3572,Kota Blitar,bawang_merah,1.5,0.1,10.22,SAMPLE_DATA
2023,3573,Kota Malang,bawang_merah,35.6,3.6,9.43,SAMPLE_DATA
2023,3574,Kota Probolinggo,bawang_merah,18.5,1.9,10.15,SAMPLE_DATA
2023,3575,Kota Pasuruan,bawang_merah,32.7,3.3,10.16,SAMPLE_DATA
2023,3576,Kota Mojokerto,bawang_merah,44.7,4.5,10.72,SAMPLE_DATA
2023,3577,Kota Madiun,bawang_merah,36.2,3.6,10.48,SAMPLE_DATA
2023,3578,Kota Surabaya,bawang_merah,17.7,1.8,10.28,SAMPLE_DATA
2023,3579,Kota Batu,bawang_merah,37.2,3.7,10.69,SAMPLE_DATA
2023,3501,Kabupaten Pacitan,bawang_putih,1657.0,236.7,6.64,SAMPLE_DATA
2023,3502,Kabupaten Ponorogo,bawang_putih,37.7,5.4,6.5,SAMPLE_DATA
2023,3503,Kabupaten Trenggalek,bawang_putih,753.1,107.6,7.54,SAMPLE_DATA
2023,3504,Kabupaten Tulungagung,bawang_putih,3698.2,528.3,6.54,SAMPLE_DATA
2023,3505,Kabupaten Blitar,bawang_putih,484.2,69.2,6.75,SAMPLE_DATA
2023,3506,Kabupaten Kediri,bawang_putih,1272.3,181.8,7.79,SAMPLE_DATA
2023,3507,Kabupaten Malang,bawang_putih,3777.4,539.6,7.39,SAMPLE_DATA
2023,3508,Kabupaten Lumajang,bawang_putih,865.7,123.7,6.42,SAMPLE_DATA
2023,3509,Kabupaten Jember,bawang_putih,1391.4,198.8,7.25,SAMPLE_DATA
2023,3510,Kabupaten Banyuwangi,bawang_putih,1609.9,230.0,7.3,SAMPLE_DATA
2023,3511,Kabupaten Bondowoso,bawang_putih,1873.7,267.7,7.14,SAMPLE_DATA
2023,3512,Kabupaten Situbondo,bawang_putih,1744.3,249.2,6.9,SAMPLE_DATA
2023,3513,Kabupaten Probolinggo,bawang_putih,918.4,131.2,6.66,SAMPLE_DATA
2023,3514,Kabupaten Pasuruan,bawang_putih,644.5,92.1,7.49,SAMPLE_DATA
2023,3515,Kabupaten Sidoarjo,bawang_putih,721.2,103.0,7.27,SAMPLE_DATA
2023,3516,Kabupaten Mojokerto,bawang_putih,522.5,74.6,6.92,SAMPLE_DATA
2023,3517,Kabupaten Jombang,bawang_putih,356.9,51.0,7.19,SAMPLE_DATA
2023,3518,Kabupaten Nganjuk,bawang_putih,1013.4,144.8,7.11,SAMPLE_DATA
2023,3519,Kabupaten Madiun,bawang_putih,1275.9,182.3,6.97,SAMPLE_DATA
2023,3520,Kabupaten Magetan,bawang_putih,1125.1,160.7,6.85,SAMPLE_DATA
2023,3521,Kabupaten Ngawi,bawang_putih,2088.0,298.3,7.13,SAMPLE_DATA
2023,3522,Kabupaten Bojonegoro,bawang_putih,1672.4,238.9,6.77,SAMPLE_DATA
2023,3523,Kabupaten Tuban,bawang_putih,1347.1,192.4,6.89,SAMPLE_DATA
2023,3524,Kabupaten Lamongan,bawang_putih,1623.6,231.9,6.76,SAMPLE_DATA
2023,3525,Kabupaten Gresik,bawang_putih,1668.3,238.3,6.8,SAMPLE_DATA
2023,3526,Kabupaten Bangkalan,bawang_putih,818.2,116.9,7.1,SAMPLE_DATA
2023,3527,Kabupaten Sampang,bawang_putih,1482.9,211.8,6.57,SAMPLE_DATA
2023,3528,Kabupaten Pamekasan,bawang_putih,379.3,54.2,7.14,SAMPLE_DATA
2023,3529,Kabupaten Sumenep,bawang_putih,501.7,71.7,7.57,SAMPLE_DATA
2023,3571,Kota Kediri,bawang_putih,5.2,0.7,6.52,SAMPLE_DATA
2023,3572,Kota Blitar,bawang_putih,6.1,0.9,7.0,SAMPLE_DATA
2023,3573,Kota Malang,bawang_putih,1.3,0.2,7.57,SAMPLE_DATA
2023,3574,Kota Probolinggo,bawang_putih,4.6,0.7,7.39,SAMPLE_DATA
2023,3575,Kota Pasuruan,bawang_putih,10.4,1.5,7.57,SAMPLE_DATA
2023,3576,Kota Mojokerto,bawang_putih,2.5,0.4,6.75,SAMPLE_DATA
2023,3577,Kota Madiun,bawang_putih,3.6,0.5,6.73,SAMPLE_DATA
2023,3578,Kota Surabaya,bawang_putih,0.6,0.1,7.25,SAMPLE_DATA
2023,3579,Kota Batu,bawang_putih,4188.0,598.3,7.29,SAMPLE_DATA
2024,3501,Kabupaten Pacitan,padi,83622.4,15204.1,5.16,SAMPLE_DATA
2024,3502,Kabupaten Ponorogo,padi,127072.0,23104.0,5.62,SAMPLE_DATA
2024,3503,Kabupaten Trenggalek,padi,83090.9,15107.4,5.31,SAMPLE_DATA
2024,3504,Kabupaten Tulungagung,padi,160486.9,29179.4,5.25,SAMPLE_DATA
2024,3505,Kabupaten Blitar,padi,40904.8,7437.2,5.52,SAMPLE_DATA
2024,3506,Kabupaten Kediri,padi,75578.5,13741.5,5.84,SAMPLE_DATA
2024,3507,Kabupaten Malang,padi,331590.8,60289.2,5.11,SAMPLE_DATA
2024,3508,Kabupaten Lumajang,padi,40700.8,7400.1,5.54,SAMPLE_DATA
2024,3509,Kabupaten Jember,padi,303973.3,55267.9,5.56,SAMPLE_DATA
2024,3510,Kabupaten Banyuwangi,padi,364698.3,66308.8,5.46,SAMPLE_DATA
2024,3511,Kabupaten Bondowoso,padi,117397.4,21345.0,5.26,SAMPLE_DATA
2024,3512,Kabupaten Situbondo,padi,57345.4,10426.4,5.64,SAMPLE_DATA
2024,3513,Kabupaten Probolinggo,padi,85076.4,15468.4,5.19,SAMPLE_DATA
2024,3514,Kabupaten Pasuruan,padi,89729.9,16314.5,5.73,SAMPLE_DATA
2024,3515,Kabupaten Sidoarjo,padi,153971.9,27994.9,5.63,SAMPLE_DATA
2024,3516,Kabupaten Mojokerto,padi,150917.8,27439.6,5.47,SAMPLE_DATA
2024,3517,Kabupaten Jombang,padi,73382.3,13342.2,5.66,SAMPLE_DATA
2024,3518,Kabupaten Nganjuk,padi,58350.2,10609.1,5.29,SAMPLE_DATA
2024,3519,Kabupaten Madiun,padi,36830.7,6696.5,5.86,SAMPLE_DATA
2024,3520,Kabupaten Magetan,padi,170055.7,30919.2,5.63,SAMPLE_DATA
2024,3521,Kabupaten Ngawi,padi,40963.2,7447.9,5.42,SAMPLE_DATA
2024,3522,Kabupaten Bojonegoro,padi,362669.7,65939.9,5.14,SAMPLE_DATA
2024,3523,Kabupaten Tuban,padi,70641.1,12843.8,5.23,SAMPLE_DATA
2024,3524,Kabupaten Lamongan,padi,252044.7,45826.3,5.65,SAMPLE_DATA
2024,3525,Kabupaten Gresik,padi,132688.0,24125.1,5.32,SAMPLE_DATA
2024,3526,Kabupaten Bangkalan,padi,81748.3,14863.3,5.46,SAMPLE_DATA
2024,3527,Kabupaten Sampang,padi,112582.9,20469.6,5.15,SAMPLE_DATA
2024,3528,Kabupaten Pamekasan,padi,107413.2,19529.7,5.91,SAMPLE_DATA
2024,3529,Kabupaten Sumenep,padi,22377.1,4068.6,5.39,SAMPLE_DATA
2024,3571,Kota Kediri,padi,577.1,104.9,5.42,SAMPLE_DATA
2024,3572,Kota Blitar,padi,3465.1,630.0,5.3,SAMPLE_DATA
2024,3573,Kota Malang,padi,5157.7,937.8,5.83,SAMPLE_DATA
2024,3574,Kota Probolinggo,padi,1592.5,289.5,6.13,SAMPLE_DATA
2024,3575,Kota Pasuruan,padi,1897.5,345.0,5.44,SAMPLE_DATA
2024,3576,Kota Mojokerto,padi,2016.5,366.6,5.41,SAMPLE_DATA
2024,3577,Kota Madiun,padi,3498.9,636.2,4.79,SAMPLE_DATA
2024,3578,Kota Surabaya,padi,102.6,18.7,5.28,SAMPLE_DATA
2024,3579,Kota Batu,padi,604.4,109.9,5.55,SAMPLE_DATA
2024,3501,Kabupaten Pacitan,jagung,6571.6,1314.3,4.99,SAMPLE_DATA
2024,3502,Kabupaten Ponorogo,jagung,63013.2,12602.6,4.96,SAMPLE_DATA
2024,3503,Kabupaten Trenggalek,jagung,13767.1,2753.4,4.99,SAMPLE_DATA
2024,3504,Kabupaten Tulungagung,jagung,179943.0,35988.6,5.43,SAMPLE_DATA
2024,3505,Kabupaten Blitar,jagung,174460.3,34892.1,4.43,SAMPLE_DATA
2024,3506,Kabupaten Kediri,jagung,75520.6,15104.1,5.26,SAMPLE_DATA
2024,3507,Kabupaten Malang,jagung,61641.9,12328.4,4.9,SAMPLE_DATA
2024,3508,Kabupaten Lumajang,jagung,99718.9,19943.8,4.85,SAMPLE_DATA
2024,3509,Kabupaten Jember,jagung,220712.6,44142.5,5.2,SAMPLE_DATA
2024,3510,Kabupaten Banyuwangi,jagung,63872.9,12774.6,4.81,SAMPLE_DATA
2024,3511,Kabupaten Bondowoso,jagung,20258.5,4051.7,5.43,SAMPLE_DATA
2024,3512,Kabupaten Situbondo,jagung,67897.3,13579.5,5.05,SAMPLE_DATA
2024,3513,Kabupaten Probolinggo,jagung,11882.9,2376.6,5.32,SAMPLE_DATA
2024,3514,Kabupaten Pasuruan,jagung,37127.4,7425.5,4.84,SAMPLE_DATA
2024,3515,Kabupaten Sidoarjo,jagung,65707.1,13141.4,4.89,SAMPLE_DATA
2024,3516,Kabupaten Mojokerto,jagung,16695.7,3339.1,5.18,SAMPLE_DATA
2024,3517,Kabupaten Jombang,jagung,32415.9,6483.2,5.33,SAMPLE_DATA
2024,3518,Kabupaten Nganjuk,jagung,40820.6,8164.1,4.94,SAMPLE_DATA
2024,3519,Kabupaten Madiun,jagung,67087.0,13417.4,5.31,SAMPLE_DATA
2024,3520,Kabupaten Magetan,jagung,52973.2,10594.6,5.23,SAMPLE_DATA
2024,3521,Kabupaten Ngawi,jagung,109542.9,21908.6,5.45,SAMPLE_DATA
2024,3522,Kabupaten Bojonegoro,jagung,234488.3,46897.7,5.27,SAMPLE_DATA
2024,3523,Kabupaten Tuban,jagung,18844.6,3768.9,4.95,SAMPLE_DATA
2024,3524,Kabupaten Lamongan,jagung,158046.4,31609.3,4.51,SAMPLE_DATA
2024,3525,Kabupaten Gresik,jagung,49496.9,9899.4,5.04,SAMPLE_DATA
2024,3526,Kabupaten Bangkalan,jagung,28118.4,5623.7,4.93,SAMPLE_DATA
2024,3527,Kabupaten Sampang,jagung,79786.4,15957.3,5.23,SAMPLE_DATA
2024,3528,Kabupaten Pamekasan,jagung,81593.3,16318.7,5.07,SAMPLE_DATA
2024,3529,Kabupaten Sumenep,jagung,84448.0,16889.6,4.96,SAMPLE_DATA
2024,3571,Kota Kediri,jagung,1534.2,306.8,5.29,SAMPLE_DATA
2024,3572,Kota Blitar,jagung,364.1,72.8,5.01,SAMPLE_DATA
2024,3573,Kota Malang,jagung,1934.7,386.9,4.84,SAMPLE_DATA
2024,3574,Kota Probolinggo,jagung,1639.6,327.9,4.63,SAMPLE_DATA
2024,3575,Kota Pasuruan,jagung,1722.9,344.6,5.43,SAMPLE_DATA
2024,3576,Kota Mojokerto,jagung,1001.3,200.3,5.02,SAMPLE_DATA
2024,3577,Kota Madiun,jagung,1198.1,239.6,5.1,SAMPLE_DATA
2024,3578,Kota Surabaya,jagung,1209.2,241.8,5.12,SAMPLE_DATA
2024,3579,Kota Batu,jagung,907.7,181.5,4.79,SAMPLE_DATA
2024,3501,Kabupaten Pacitan,cabai_merah,9862.3,1232.8,7.44,SAMPLE_DATA
2024,3502,Kabupaten Ponorogo,cabai_merah,8027.7,1003.5,8.18,SAMPLE_DATA
2024,3503,Kabupaten Trenggalek,cabai_merah,4557.1,569.6,8.58,SAMPLE_DATA
2024,3504,Kabupaten Tulungagung,cabai_merah,16928.6,2116.1,8.26,SAMPLE_DATA
2024,3505,Kabupaten Blitar,cabai_merah,26075.6,3259.4,7.56,SAMPLE_DATA
2024,3506,Kabupaten Kediri,cabai_merah,20930.1,2616.3,7.85,SAMPLE_DATA
2024,3507,Kabupaten Malang,cabai_merah,27997.6,3499.7,7.16,SAMPLE_DATA
2024,3508,Kabupaten Lumajang,cabai_merah,8905.5,1113.2,8.37,SAMPLE_DATA
2024,3509,Kabupaten Jember,cabai_merah,25750.9,3218.9,7.7,SAMPLE_DATA
2024,3510,Kabupaten Banyuwangi,cabai_merah,296.4,37.0,8.51,SAMPLE_DATA
2024,3511,Kabupaten Bondowoso,cabai_merah,9731.1,1216.4,7.67,SAMPLE_DATA
2024,3512,Kabupaten Situbondo,cabai_merah,5659.8,707.5,8.07,SAMPLE_DATA
2024,3513,Kabupaten Probolinggo,cabai_merah,8140.9,1017.6,8.75,SAMPLE_DATA
2024,3514,Kabupaten Pasuruan,cabai_merah,7963.8,995.5,8.24,SAMPLE_DATA
2024,3515,Kabupaten Sidoarjo,cabai_merah,3455.0,431.9,8.52,SAMPLE_DATA
2024,3516,Kabupaten Mojokerto,cabai_merah,1185.2,148.2,7.82,SAMPLE_DATA
2024,3517,Kabupaten Jombang,cabai_merah,10202.4,1275.3,8.27,SAMPLE_DATA
2024,3518,Kabupaten Nganjuk,cabai_merah,5771.9,721.5,7.92,SAMPLE_DATA
2024,3519,Kabupaten Madiun,cabai_merah,3860.6,482.6,7.95,SAMPLE_DATA
2024,3520,Kabupaten Magetan,cabai_merah,3230.0,403.8,8.25,SAMPLE_DATA
2024,3521,Kabupaten Ngawi,cabai_merah,12162.6,1520.3,8.23,SAMPLE_DATA
2024,3522,Kabupaten Bojonegoro,cabai_merah,5739.3,717.4,8.23,SAMPLE_DATA
2024,3523,Kabupaten Tuban,cabai_merah,1839.2,229.9,7.88,SAMPLE_DATA
2024,3524,Kabupaten Lamongan,cabai_merah,5513.1,689.1,8.62,SAMPLE_DATA
2024,3525,Kabupaten Gresik,cabai_merah,2180.9,272.6,7.53,SAMPLE_DATA
2024,3526,Kabupaten Bangkalan,cabai_merah,613.3,76.7,7.29,SAMPLE_DATA
2024,3527,Kabupaten Sampang,cabai_merah,4108.7,513.6,7.92,SAMPLE_DATA
2024,3528,Kabupaten Pamekasan,cabai_merah,10567.7,1321.0,7.79,SAMPLE_DATA
2024,3529,Kabupaten Sumenep,cabai_merah,5157.5,644.7,7.98,SAMPLE_DATA
2024,3571,Kota Kediri,cabai_merah,8.0,1.0,8.71,SAMPLE_DATA
2024,3572,Kota Blitar,cabai_merah,46.8,5.8,8.31,SAMPLE_DATA
2024,3573,Kota Malang,cabai_merah,14.6,1.8,8.12,SAMPLE_DATA
2024,3574,Kota Probolinggo,cabai_merah,77.3,9.7,8.05,SAMPLE_DATA
2024,3575,Kota Pasuruan,cabai_merah,6.8,0.8,7.92,SAMPLE_DATA
2024,3576,Kota Mojokerto,cabai_merah,26.9,3.4,7.91,SAMPLE_DATA
2024,3577,Kota Madiun,cabai_merah,26.8,3.4,7.68,SAMPLE_DATA
2024,3578,Kota Surabaya,cabai_merah,43.1,5.4,7.99,SAMPLE_DATA
2024,3579,Kota Batu,cabai_merah,5.1,0.6,8.35,SAMPLE_DATA
2024,3501,Kabupaten Pacitan,cabai_rawit,2225.1,370.8,6.03,SAMPLE_DATA
2024,3502,Kabupaten Ponorogo,cabai_rawit,2998.6,499.8,5.84,SAMPLE_DATA
2024,3503,Kabupaten Trenggalek,cabai_rawit,4032.2,672.0,6.17,SAMPLE_DATA
2024,3504,Kabupaten Tulungagung,cabai_rawit,12854.4,2142.4,5.99,SAMPLE_DATA
2024,3505,Kabupaten Blitar,cabai_rawit,11833.0,1972.2,5.91,SAMPLE_DATA
2024,3506,Kabupaten Kediri,cabai_rawit,9325.2,1554.2,5.76,SAMPLE_DATA
2024,3507,Kabupaten Malang,cabai_rawit,5543.4,923.9,6.8,SAMPLE_DATA
2024,3508,Kabupaten Lumajang,cabai_rawit,849.6,141.6,6.21,SAMPLE_DATA
2024,3509,Kabupaten Jember,cabai_rawit,9691.6,1615.3,6.54,SAMPLE_DATA
2024,3510,Kabupaten Banyuwangi,cabai_rawit,8676.4,1446.1,5.12,SAMPLE_DATA
2024,3511,Kabupaten Bondowoso,cabai_rawit,1079.6,179.9,6.6,SAMPLE_DATA
2024,3512,Kabupaten Situbondo,cabai_rawit,2685.6,447.6,6.62,SAMPLE_DATA
2024,3513,Kabupaten Probolinggo,cabai_rawit,571.8,95.3,6.02,SAMPLE_DATA
2024,3514,Kabupaten Pasuruan,cabai_rawit,2690.0,448.3,5.76,SAMPLE_DATA
2024,3515,Kabupaten Sidoarjo,cabai_rawit,1217.0,202.8,5.77,SAMPLE_DATA
2024,3516,Kabupaten Mojokerto,cabai_rawit,3270.8,545.1,5.92,SAMPLE_DATA
2024,3517,Kabupaten Jombang,cabai_rawit,5142.8,857.1,6.15,SAMPLE_DATA
2024,3518,Kabupaten Nganjuk,cabai_rawit,2986.8,497.8,5.98,SAMPLE_DATA
2024,3519,Kabupaten Madiun,cabai_rawit,3044.3,507.4,6.0,SAMPLE_DATA
2024,3520,Kabupaten Magetan,cabai_rawit,3856.0,642.7,6.34,SAMPLE_DATA
2024,3521,Kabupaten Ngawi,cabai_rawit,4000.8,666.8,6.06,SAMPLE_DATA
2024,3522,Kabupaten Bojonegoro,cabai_rawit,5505.8,917.6,6.32,SAMPLE_DATA
2024,3523,Kabupaten Tuban,cabai_rawit,5112.8,852.1,5.94,SAMPLE_DATA
2024,3524,Kabupaten Lamongan,cabai_rawit,3395.0,565.8,5.75,SAMPLE_DATA
2024,3525,Kabupaten Gresik,cabai_rawit,5110.1,851.7,5.87,SAMPLE_DATA
2024,3526,Kabupaten Bangkalan,cabai_rawit,5305.0,884.2,5.88,SAMPLE_DATA
2024,3527,Kabupaten Sampang,cabai_rawit,1257.0,209.5,6.23,SAMPLE_DATA
2024,3528,Kabupaten Pamekasan,cabai_rawit,1211.4,201.9,5.68,SAMPLE_DATA
2024,3529,Kabupaten Sumenep,cabai_rawit,648.0,108.0,6.07,SAMPLE_DATA
2024,3571,Kota Kediri,cabai_rawit,25.1,4.2,6.14,SAMPLE_DATA
2024,3572,Kota Blitar,cabai_rawit,53.7,9.0,6.43,SAMPLE_DATA
2024,3573,Kota Malang,cabai_rawit,8.2,1.4,6.3,SAMPLE_DATA
2024,3574,Kota Probolinggo,cabai_rawit,8.1,1.3,5.92,SAMPLE_DATA
2024,3575,Kota Pasuruan,cabai_rawit,27.6,4.6,6.1,SAMPLE_DATA
2024,3576,Kota Mojokerto,cabai_rawit,3.7,0.6,6.18,SAMPLE_DATA
2024,3577,Kota Madiun,cabai_rawit,43.5,7.2,6.4,SAMPLE_DATA
2024,3578,Kota Surabaya,cabai_rawit,34.6,5.8,5.41,SAMPLE_DATA
2024,3579,Kota Batu,cabai_rawit,34.1,5.7,5.82,SAMPLE_DATA
2024,3501,Kabupaten Pacitan,bawang_merah,9563.0,956.3,10.5,SAMPLE_DATA
2024,3502,Kabupaten Ponorogo,bawang_merah,3841.2,384.1,10.27,SAMPLE_DATA
2024,3503,Kabupaten Trenggalek,bawang_merah,2050.5,205.1,9.79,SAMPLE_DATA
2024,3504,Kabupaten Tulungagung,bawang_merah,7968.6,796.9,9.84,SAMPLE_DATA
2024,3505,Kabupaten Blitar,bawang_merah,37796.7,3779.7,10.62,SAMPLE_DATA
2024,3506,Kabupaten Kediri,bawang_merah,17397.1,1739.7,9.99,SAMPLE_DATA
2024,3507,Kabupaten Malang,bawang_merah,43954.6,4395.5,9.6,SAMPLE_DATA
2024,3508,Kabupaten Lumajang,bawang_merah,6357.9,635.8,10.1,SAMPLE_DATA
2024,3509,Kabupaten Jember,bawang_merah,32420.2,3242.0,10.26,SAMPLE_DATA
2024,3510,Kabupaten Banyuwangi,bawang_merah,17933.9,1793.4,9.33,SAMPLE_DATA
2024,3511,Kabupaten Bondowoso,bawang_merah,11771.5,1177.2,10.06,SAMPLE_DATA
2024,3512,Kabupaten Situbondo,bawang_merah,4550.7,455.1,10.09,SAMPLE_DATA
2024,3513,Kabupaten Probolinggo,bawang_merah,50169.4,5016.9,10.33,SAMPLE_DATA
2024,3514,Kabupaten Pasuruan,bawang_merah,13787.6,1378.8,9.88,SAMPLE_DATA
2024,3515,Kabupaten Sidoarjo,bawang_merah,12423.2,1242.3,10.08,SAMPLE_DATA
2024,3516,Kabupaten Mojokerto,bawang_merah,9823.3,982.3,9.94,SAMPLE_DATA
2024,3517,Kabupaten Jombang,bawang_merah,11223.6,1122.4,9.97,SAMPLE_DATA
2024,3518,Kabupaten Nganjuk,bawang_merah,30834.8,3083.5,9.95,SAMPLE_DATA
2024,3519,Kabupaten Madiun,bawang_merah,14573.8,1457.4,10.21,SAMPLE_DATA
2024,3520,Kabupaten Magetan,bawang_merah,17893.6,1789.4,9.87,SAMPLE_DATA
2024,3521,Kabupaten Ngawi,bawang_merah,16190.8,1619.1,9.74,SAMPLE_DATA
2024,3522,Kabupaten Bojonegoro,bawang_merah,5906.8,590.7,10.92,SAMPLE_DATA
2024,3523,Kabupaten Tuban,bawang_merah,1754.6,175.5,9.85,SAMPLE_DATA
2024,3524,Kabupaten Lamongan,bawang_merah,11013.6,1101.4,9.47,SAMPLE_DATA
2024,3525,Kabupaten Gresik,bawang_merah,15413.0,1541.3,10.45,SAMPLE_DATA
2024,3526,Kabupaten Bangkalan,bawang_merah,11825.8,1182.6,9.92,SAMPLE_DATA
2024,3527,Kabupaten Sampang,bawang_merah,16028.3,1602.8,9.77,SAMPLE_DATA
2024,3528,Kabupaten Pamekasan,bawang_merah,20021.0,2002.1,10.58,SAMPLE_DATA
2024,3529,Kabupaten Sumenep,bawang_merah,1452.6,145.3,10.58,SAMPLE_DATA
2024,3571,Kota Kediri,bawang_merah,6.2,0.6,10.25,SAMPLE_DATA
2024,3572,Kota Blitar,bawang_merah,46.2,4.6,11.34,SAMPLE_DATA
2024,3573,Kota Malang,bawang_merah,20.4,2.0,9.08,SAMPLE_DATA
2024,3574,Kota Probolinggo,bawang_merah,41.4,4.1,10.12,SAMPLE_DATA
2024,3575,Kota Pasuruan,bawang_merah,25.0,2.5,10.66,SAMPLE_DATA
2024,3576,Kota Mojokerto,bawang_merah,27.2,2.7,10.39,SAMPLE_DATA
2024,3577,Kota Madiun,bawang_merah,25.1,2.5,9.58,SAMPLE_DATA
2024,3578,Kota Surabaya,bawang_merah,25.2,2.5,10.07,SAMPLE_DATA
2024,3579,Kota Batu,bawang_merah,30.1,3.0,10.85,SAMPLE_DATA
2024,3501,Kabupaten Pacitan,bawang_putih,1268.4,181.2,6.94,SAMPLE_DATA
2024,3502,Kabupaten Ponorogo,bawang_putih,706.5,100.9,6.99,SAMPLE_DATA
2024,3503,Kabupaten Trenggalek,bawang_putih,300.5,42.9,6.28,SAMPLE_DATA
2024,3504,Kabupaten Tulungagung,bawang_putih,2983.9,426.3,7.27,SAMPLE_DATA
2024,3505,Kabupaten Blitar,bawang_putih,430.6,61.5,7.0,SAMPLE_DATA
2024,3506,Kabupaten Kediri,bawang_putih,44.0,6.3,6.74,SAMPLE_DATA
2024,3507,Kabupaten Malang,bawang_putih,4782.1,683.2,7.96,SAMPLE_DATA
2024,3508,Kabupaten Lumajang,bawang_putih,600.4,85.8,7.23,SAMPLE_DATA
2024,3509,Kabupaten Jember,bawang_putih,187.3,26.8,7.09,SAMPLE_DATA
2024,3510,Kabupaten Banyuwangi,bawang_putih,771.2,110.2,7.01,SAMPLE_DATA
2024,3511,Kabupaten Bondowoso,bawang_putih,970.3,138.6,6.77,SAMPLE_DATA
2024,3512,Kabupaten Situbondo,bawang_putih,690.9,98.7,6.45,SAMPLE_DATA
2024,3513,Kabupaten Probolinggo,bawang_putih,1930.3,275.8,7.54,SAMPLE_DATA
2024,3514,Kabupaten Pasuruan,bawang_putih,614.8,87.8,7.05,SAMPLE_DATA
2024,3515,Kabupaten Sidoarjo,bawang_putih,543.7,77.7,6.78,SAMPLE_DATA
2024,3516,Kabupaten Mojokerto,bawang_putih,1352.9,193.3,6.69,SAMPLE_DATA
2024,3517,Kabupaten Jombang,bawang_putih,862.8,123.3,6.89,SAMPLE_DATA
2024,3518,Kabupaten Nganjuk,bawang_putih,846.3,120.9,7.03,SAMPLE_DATA
2024,3519,Kabupaten Madiun,bawang_putih,195.7,28.0,6.94,SAMPLE_DATA
2024,3520,Kabupaten Magetan,bawang_putih,1229.6,175.7,7.49,SAMPLE_DATA
2024,3521,Kabupaten Ngawi,bawang_putih,1219.3,174.2,7.27,SAMPLE_DATA
2024,3522,Kabupaten Bojonegoro,bawang_putih,1665.4,237.9,7.13,SAMPLE_DATA
2024,3523,Kabupaten Tuban,bawang_putih,1816.3,259.5,6.74,SAMPLE_DATA
2024,3524,Kabupaten Lamongan,bawang_putih,309.2,44.2,6.93,SAMPLE_DATA
2024,3525,Kabupaten Gresik,bawang_putih,742.2,106.0,6.83,SAMPLE_DATA
2024,3526,Kabupaten Bangkalan,bawang_putih,117.7,16.8,6.64,SAMPLE_DATA
2024,3527,Kabupaten Sampang,bawang_putih,754.4,107.8,7.45,SAMPLE_DATA
2024,3528,Kabupaten Pamekasan,bawang_putih,1608.2,229.7,7.62,SAMPLE_DATA
2024,3529,Kabupaten Sumenep,bawang_putih,1253.4,179.1,6.62,SAMPLE_DATA
2024,3571,Kota Kediri,bawang_putih,8.8,1.3,6.91,SAMPLE_DATA
2024,3572,Kota Blitar,bawang_putih,7.0,1.0,6.76,SAMPLE_DATA
2024,3573,Kota Malang,bawang_putih,6.4,0.9,6.42,SAMPLE_DATA
2024,3574,Kota Probolinggo,bawang_putih,6.5,0.9,7.52,SAMPLE_DATA
2024,3575,Kota Pasuruan,bawang_putih,1.5,0.2,6.92,SAMPLE_DATA
2024,3576,Kota Mojokerto,bawang_putih,8.2,1.2,6.85,SAMPLE_DATA
2024,3577,Kota Madiun,bawang_putih,0.3,0.0,7.49,SAMPLE_DATA
2024,3578,Kota Surabaya,bawang_putih,3.4,0.5,6.75,SAMPLE_DATA
2024,3579,Kota Batu,bawang_putih,3902.0,557.4,7.57,SAMPLE_DATA
